{
   "title": "Savage Eberron",
   "description": "Ruleset for Savage Eberron rules. This includes content from SWADE, from the Fantasy Companion, from Savage Pathfinder, and homebrew content.",
   "manifest": "https://raw.githubusercontent.com/Freewolf2000/savage-eberron/main/savage-eberron/module.json",
   "download": "https://github.com/Freewolf2000/savage-eberron/raw/main/savage-eberron.zip?raw=true",
   "url": "https://github.com/Freewolf2000/savage-eberron",
   "version": "0.0.11",
   "packs": [
     {
       "name": "savage-eberron-bestiary-abilities",
       "label": "Savage Eberron Bestiary Abilities",
       "path": "packs/savage-eberron-bestiary-abilities.db",
       "private": false,
       "type": "Item",
       "system": "swade",
       "flags": {}
     },
     {
       "name": "savage-eberron-edges",
       "label": "Savage Eberron Edges",
       "path": "packs/savage-eberron-edges.db",
       "private": false,
       "type": "Item",
       "system": "swade",
       "flags": {}
     },
     {
       "name": "savage-eberron-hindrances",
       "label": "Savage Eberron Hindrances",
       "path": "packs/savage-eberron-hindrances.db",
       "private": false,
       "type": "Item",
       "system": "swade",
       "flags": {}
     },
     {
       "name": "savage-eberron-gear",
       "label": "Savage Eberron Gear",
       "path": "packs/savage-eberron-equipment.db",
       "private": false,
       "type": "Item",
       "system": "swade",
       "flags": {}
     },
     {
       "name": "savage-eberron-powers",
       "label": "Savage Eberron Powers",
       "path": "packs/savage-eberron-powers.db",
       "private": false,
       "type": "Item",
       "system": "swade",
       "flags": {}
     },
     {
       "name": "savage-eberron-rules",
       "label": "Savage Eberron Rules",
       "path": "packs/savage-eberron-rules.db",
       "private": false,
       "type": "JournalEntry",
       "system": "swade",
       "flags": {}
     },
     {
       "name": "savage-eberron-skills",
       "label": "Savage Eberron Skills",
       "path": "packs/savage-eberron-skills.db",
       "private": false,
       "type": "Item",
       "system": "swade",
       "flags": {}
     },
     {
       "name": "savage-eberron-special-abilities",
       "label": "Savage Eberron Special Abilities",
       "path": "packs/savage-eberron-abilities.db",
       "private": false,
       "type": "Item",
       "system": "swade",
       "flags": {}
     },
     {
       "name": "savage-eberron-treasure",
       "label": "Savage Eberron Treasure",
       "path": "packs/savage-eberron-treasure.db",
       "private": false,
       "type": "Item",
       "system": "swade",
       "flags": {}
     }
   ],
   "esmodules": [
     "scripts/sweb-core-rules.js"
   ],
   "styles": [
     "styles/sweb-core.css"
   ],
   "id": "sweb-core-rules",
   "authors": [
     {
       "name": "Freewolf2000",
       "url": "https://www.savagetalesofeberron.com/",
       "podcast": "https://savagetalesofeberron.podbean.com/",
       "discord": "Freewolf#7951",
       "twitter": "@SavageEberron",
       "reddit": "u/Freewolf"
     }
   ],
   "relationships": {
     "systems": [
       {
         "id": "swade",
         "type": "system",
         "manifest": "https://gitlab.com/api/v4/projects/16269883/packages/generic/swade/latest/system.json",
         "compatibility": {
           "minimum": "2.0.5",
           "verified": "2.0.5"
         }
       }
     ]
   },
   "compatibility": {
     "minimum": "10",
     "verified": "10"
   },
   "flags": {
     "sigil": {}
   }
}
