{
   "name": "savage-eberron",
   "title": "Savage Eberron Rules",
   "description": "Ruleset for Savage Eberron rules. This includes content from SWADE, from the Fantasy Companion, from Savage Pathfinder, and homebrew content.",
   "author": "Freewolf2000",
   "version": "0.0.2",
   "url": "https://github.com/Freewolf2000/savage-eberron",
   "manifest": "https://raw.githubusercontent.com/Freewolf2000/savage-eberron/main/savage-eberron/module.json",
   "download": "https://github.com/Freewolf2000/savage-eberron/raw/main/savage-eberron.zip",
   "packs": [
   {
     {
       "name": "savage-eberron-edges",
       "label": "Savage Eberron Edges",
       "path": "packs/savage-eberron-edges.db",
       "private": false,
       "type": "Item",
       "system": "swade",
       "flags": {}
     },
     {
       "name": "savage-eberron-hindrances",
       "label": "Savage Eberron Hindrances",
       "path": "packs/savage-eberron-hindrances.db",
       "private": false,
       "type": "Item",
       "system": "swade",
       "flags": {}
     },
     {
       "name": "savage-eberron-gear",
       "label": "Savage Eberron Gear",
       "path": "packs/savage-eberron-equipment.db",
       "private": false,
       "type": "Item",
       "system": "swade",
       "flags": {}
     },
     {
       "name": "savage-eberron-powers",
       "label": "Savage Eberron Powers",
       "path": "packs/savage-eberron-powers.db",
       "private": false,
       "type": "Item",
       "system": "swade",
       "flags": {}
     },
     {
       "name": "savage-eberron-skills",
       "label": "Savage Eberron Skills",
       "path": "packs/savage-eberron-skills.db",
       "private": false,
       "type": "Item",
       "system": "swade",
       "flags": {}
     },
     {
       "name": "savage-eberron-special-abilities",
       "label": "Savage Eberron Special Abilities",
       "path": "packs/savage-eberron-abilities.db",
       "private": false,
       "type": "Item",
       "system": "swade",
       "flags": {}
     }
   ],
   "esmodules": [
       "./scripts/sweb-rules.js",
       "./scripts/tinyMCE-editor.js"
   ],
   "styles": [
       "./styles/sweb-core-fonts.css",
       "./styles/sweb-core.css",
       "./styles/sweb-trade-dress.css",
       "./styles/sweb-additions.css",
       "./styles/sweb-periodicals.css"
   ],
   "id": "sweb-core-rules",
   "relationships": {
     "systems": [
       {
         "id": "swade",
         "type": "system",
         "manifest": "https://gitlab.com/api/v4/projects/16269883/packages/generic/swade/latest/system.json",
         "compatibility": {
           "minimum": "2.0.5",
           "verified": "2.0.5"
         }
       }
     ]
   },
   "compatibility": {
     "minimum": "10.285",
     "verified": "10.287"
   },
   "flags": {
     "sigil": {}
   }
}
